extension_id,name,version,risk_level,risk_level_id,risk_score,see_categories,permissions_count,sensitive_perms_count,http_api_total,external_domains,has_wildcard_cs,analyzed_at
__MSG_8969005060131950570__,__MSG_8969005060131950570__,2.0.17,MEDIUM,MENENGAH,40,"UReq,UProf",5,2,100,8,True,2026-08-11T22:50:54
_MSG_appName_,__MSG_appName__,0.23.21,HIGH,RENTAN,65,"UReq,UProf,LF",3,1,27,22,True,2026-08-11T22:50:56
aapbdbdomjkkjkaonfhkkikfgjllcleb,__MSG_8969005060131950570__,2.0.16,MEDIUM,MENENGAH,40,"UReq,UProf",5,2,110,7,True,2026-08-11T22:51:00
acfifjfajpekbmhmjppnmmjgmhjkildl,Certisign WebSigner,2.18.0,HIGH,RENTAN,75,"UReq,UProf,CE",4,4,9,16,True,2026-08-11T22:51:01
AHA Music - Song Finder for Browser__dpacanjfikmhoddligfbehkpomnbgblf_v2.0.6,__MSG_appName__,2.0.6,MEDIUM,MENENGAH,45,CE,7,5,7,11,True,2026-08-11T22:51:01
Apifox Browser Extension__eggdlmopfankeonchoflhfoglaakobma_v1.0.9,Apifox Browser Extension,1.0.9,LOW,AMAN,10,,0,0,1,2,True,2026-08-11T22:51:01
Apowersoft Free Screen Recorder__lgcbiaeenojjpckkemdckcmfebgjkoce_v3.2,__MSG_key_logo_name__,3.2,LOW,AMAN,0,,1,0,30,30,True,2026-08-11T22:51:02
Backit Plugin__hfdhpmpfpcnbboppkkkblilhbloejijj_v4.1.3,Backit Plugin,4.1.3,HIGH,RENTAN,65,"UProf,CE",4,2,23,33,True,2026-08-11T22:51:03
bbafmabaelnnkondpfpjmdklbmfnbmol,Web Signer,2.17.1,HIGH,RENTAN,75,"UReq,UProf,CE",4,4,16,29,True,2026-08-11T22:51:04
bnjjngeaknajbdcgpfkgnonkmififhfo,Fake Filler,4.1.0,HIGH,RENTAN,75,"UReq,UProf,CE",4,2,35,16,True,2026-08-11T22:51:05
Braavos_ Bitcoin & Starknet Wallet__jnlgamecbpmbajjfhmmmlhejkemejdma_v4.19.6,__MSG_appName__,4.19.6,HIGH,RENTAN,65,"UProf,CE",8,3,27,110,True,2026-08-11T22:51:16
Brisk Boost__pdldjapecechflnpdgpeiklnbigamggl_v1.0.378,Brisk Boost,1.0.379,HIGH,RENTAN,95,"UProf,CE,CLE",3,2,42,66,True,2026-08-11T22:51:19
Bro-Mon 🐾 Browser Monsters - Web Surf Game__oedkbkpngfmjfbmmmijkogojlcddmcgf_v3.0.5,__MSG_extName__,3.0.5,LOW,AMAN,30,UProf,2,1,26,20,True,2026-08-11T22:51:24
"Careerflow AI Job Application Tracker, ATS Resume Checker, Autofill & more__iadokddofjgcgjpjlfhngclhpmaelnli_v2.9.55","Careerflow AI Job Application Tracker, ATS Resume Checker, Autofill & more",2.9.55,HIGH,RENTAN,120,"UProf,LF,CE,CLE",2,2,158,121,True,2026-08-11T22:51:35
Clockify Time Tracker__pmjeegjhjdlccodhacdgbgfagbpmccpe_v2.11.54,__MSG_appName__,2.11.54,HIGH,RENTAN,105,"UProf,CE,FH",10,4,10,17,True,2026-08-11T22:51:38
cnjifjpddelmedmihgijeibhnjfabmlf,Obsidian Web Clipper,1.6.1,HIGH,RENTAN,65,"UProf,LF,HH",8,4,21,33,True,2026-08-11T22:51:48
Cold Turkey Blocker__pganeibhckoanndahmnfggfoeofncnii_v4.9.4,Cold Turkey Blocker,4.9.4,LOW,AMAN,30,UProf,6,3,1,4,True,2026-08-11T22:51:49
Connective signing extension__kclpjmhngbacampgcdojmiedamjbgjjm_v1.0.9,Connective signing extension,1.0.9,LOW,AMAN,20,UProf,1,1,1,2,True,2026-08-11T22:51:49
dcngeagmmhegagicpcmpinaoklddcgon,Web PKI,2.18.3,HIGH,RENTAN,75,"UReq,UProf,CE",4,4,9,18,True,2026-08-11T22:51:50
DeepL_ translate and write with AI__cofdbpoegempjloogbagkncekinflcnj_v1.87.0,__MSG_appName__,1.87.0,HIGH,RENTAN,115,"UProf,CE,HH,CLE",12,8,74,55,True,2026-08-11T22:52:00
dgjbaljgolmlcmmklmmeafecikidmjpi,__MSG_extName__,2.0.17,HIGH,RENTAN,85,"UProf,CE,HH",5,4,1269,2755,True,2026-08-11T22:52:13
easyScholar__njgedjcccpcfmjecccaajkjiphpddfji_v14.7,easyScholar,14.7,LOW,AMAN,30,UProf,1,1,42,31,True,2026-08-11T22:52:14
Email Finder by Snov.io__einnffiilpmgldkapbikhkeicohlaapj_v2.3.25,__MSG_appName__,2.3.25,MEDIUM,MENENGAH,55,"UProf,CE",4,3,21,22,True,2026-08-11T22:52:15
eRail.in__aopfgjfeiimeioiajeknfidlljpoebgc_v9.10,eRail.in,9.10,MEDIUM,MENENGAH,55,"CE,HH",2,2,6,1,True,2026-08-11T22:52:15
fllaojicojecljbmefodhfapmkghcbnh,__MSG_gaoptout_name__,5,LOW,AMAN,0,,0,0,0,2,True,2026-08-11T22:52:15
gkeojjjcdcopjkbelgbcpckplegclfeg,AdGuard Extra,1.1.36,LOW,AMAN,30,"UReq,UProf",0,0,3,16,True,2026-08-11T22:52:15
glghokcicpikglmflbbelbgeafpijkkf,"Signer.Digital Digital Signature, PKI",5.2.0,HIGH,RENTAN,65,"UReq,UProf,LF",1,1,2,2,True,2026-08-11T22:52:15
gohjpllcolmccldfdggmamodembldgpc,Shimeji Browser Extension,2.0.5,MEDIUM,MENENGAH,40,"UReq,UProf",2,1,5,10,True,2026-08-11T22:52:15
Google_Voice_(by_Google),Google Voice (by Google),3.0.11,MEDIUM,MENENGAH,40,"UReq,UProf",3,2,42,47,True,2026-08-11T22:52:18
hagjjmpgfabjpcoklghamlpdamjljoeh,__MSG_name__,1.0.5,HIGH,RENTAN,70,"UReq,UProf,CLE",4,2,6,11,True,2026-08-11T22:52:19
Hashpack__gjagmgiddbbciopjhllkdnddhcglnemk_v14.2.6,Hashpack,14.2.6,HIGH,RENTAN,65,"UProf,CE",7,2,46,92,True,2026-08-11T22:52:24
Hunter - Email Finder Extension__hgmhmanijnjhaffoampdlllchpolkdnj_v3.1.4,__MSG_extension_name__,3.1.4,LOW,AMAN,0,,2,2,27,14,True,2026-08-11T22:52:24
ipdjnhgkpapgippgcgkfcbpdpcgifncb,Emoji Keyboard by JoyPixels®,11.0.2,MEDIUM,MENENGAH,40,"UReq,UProf",3,3,4,6,True,2026-08-11T22:52:25
jdianbbpnakhcmfkcckaboohfgnngfcc,Email Extractor by Mailsumo,5.4.2,MEDIUM,MENENGAH,60,"UReq,UProf,HH",4,2,6,9,True,2026-08-11T22:52:25
kabafodfnabokkkddjbnkgbcbmipdlmb,"Tasks for Canvas – now supporting Blackboard, D2L Brightspace",1.6.1,HIGH,RENTAN,75,"UReq,UProf,CE",1,1,5,16,True,2026-08-11T22:52:26
kcnhkahnjcbndmmehfkdnkjomaanaooo,Google Voice (by Google),3.0.11,MEDIUM,MENENGAH,40,"UReq,UProf",3,2,42,47,True,2026-08-11T22:52:29
lhdoppojpmngadmnindnejefpokejbdd,axe DevTools - Web Accessibility Testing,4.133.0,HIGH,RENTAN,135,"UReq,UProf,CE,HH,FH",4,3,35,34,True,2026-08-11T22:52:38
LuLu Translate__djbfechcnkppbknmlhfcaoifgnicolin_v26.4.0,__MSG_brandName_en__,26.4.0,HIGH,RENTAN,120,"UProf,LF,CE,CLE",6,3,27,83,True,2026-08-11T22:52:45
ohcpnigalekghcmgcdcenkpelffpdolg,__MSG_extName__,0.0.3.3,LOW,AMAN,30,"UReq,UProf",5,4,8,17,True,2026-08-11T22:52:45
ohfgljdgelakfkefopgklcohadegdpjf,__MSG_appName__,0.23.21,HIGH,RENTAN,65,"UReq,UProf,LF",3,1,27,22,True,2026-08-11T22:52:47
oldceeleldhonbafppcapldpdifcinji,__MSG_appName__,11.2.1,HIGH,RENTAN,110,"UReq,UProf,CLE,FH",5,2,101,37,True,2026-08-11T22:52:52
Paper__flkenbnefhfhjeflinndcnlepkapgigl_v3.8.8,Paper,3.8.8,HIGH,RENTAN,75,"UProf,CE,HH",4,4,21,85,True,2026-08-11T22:52:53
pbabkmdefcmabmlmnkmnlcijhcgmmdnc,Axiad Conductor Browser Extension,1.9.0,MEDIUM,MENENGAH,55,"UProf,LF",2,2,0,0,True,2026-08-11T22:52:53
"Pixie Reader_ Text-to-Speech, TTS, PDF, Web Highlight & OpenDyslexic__oihhpemnlfdlkdhbiajjjkbbojdojchj_v4.3.0",__MSG_ext_name__,4.3.0,HIGH,RENTAN,120,"UProf,LF,CE,CLE",4,3,22,22,True,2026-08-11T22:52:55
pjbgfifennfhnbkhoidkdchbflppjncb,__MSG_extName__,1.4.15,LOW,AMAN,30,"UReq,UProf",3,1,5,1,True,2026-08-11T22:52:55
pllcidbcfbamjfbfpemnnjohnfcliakf,ArkSigner,2.0.1,LOW,AMAN,0,,1,1,0,0,True,2026-08-11T22:52:55
Signer.Digital_Digital_Signature_PKI,"Signer.Digital Digital Signature, PKI",5.2.0,HIGH,RENTAN,65,"UReq,UProf,LF",1,1,2,2,True,2026-08-11T22:52:55
Video_Speed_Controller,Video Speed Controller,0.11.0,LOW,AMAN,25,LF,1,1,0,2,True,2026-08-11T22:52:55
